"Tecnología","Tech Solutions","New York: Los Angeles"
"Alimentación","Fresh Foods Inc.","Miami: Chicago"
"Educación","LearnFast Academy","San Francisco: Boston"
"Moda","Chic Trends","Paris: Milan: London"
"Automoción","Speedy Motors","Detroit: Tokyo"
"Finanzas","Wealth Management Group","London: New York: Zurich"
"Salud","MediCare Solutions","Los Angeles: Miami: Houston"
"Turismo","Adventure Travels","Sydney: Cape Town: Rio de Janeiro"
"Construcción","Solid Builders","Dubai: Shanghai: Mumbai"
"Entretenimiento","Starlight Entertainment","Los Angeles: New York"
"Medios","Global News Network","London: New York: Beijing"
"Transporte","Cargo Express","Shanghai: Rotterdam: Los Angeles"
"Energía","EcoPower Solutions","Houston: Dubai: Singapore"
"Comunicaciones","ConnectCom","New York: Tokyo: London"
"Consultoría","Strategic Consulting","Washington D.C.: Brussels: Geneva"
"Retail","FashionMart","New York: Paris: Tokyo"
"Servicios","CityCare Services","London: Chicago: Sydney"
"Industria","TechForge Industries","Seoul: Frankfurt: San Francisco"
"Software","ByteTech","Seattle: Bangalore: Stockholm"
"Biotech","BioGen Solutions","Boston: San Francisco: Shanghai"
